#{"t_start": 1599174358.7553, "env_id": null}
r,l,t
-0.008049,1000,2.515376
-0.007999,1000,3.990171
-0.007804,1000,5.466023
-0.007386,1000,6.909548
-0.007208,1000,8.377125
-0.006569,1000,9.821038
-0.005721,1000,11.315486
-0.003607,1000,12.67685
-0.004194,1000,14.030584
